"year_report","total_sales","total_quantity","total_profit","avg_sales"
"2014","484247","7581","49544","242.97415860511836"
"2015","470533","7979","61619","223.84990913415788"
"2016","609468","9839","83796","235.49751081916568"
"2017","733215","12476","93439","221.3814176328502"
