year_report,total_sales,total_quantity,total_profit,avg_sales
2014,484247,7581,49544,242.9741586
2015,470533,7979,61619,223.8499091
2016,609468,9839,83796,235.4975108
2017,733215,12476,93439,221.3814176
